Scale ID,Chain Scale,Affiliation Name,Aff Parent Company Name,
3,Upscale Chains,25Hours Hotels,25Hours Hotels,
6,Economy Chains,7 Days Inn,7 Days Inn,
5,Midscale Chains,A Victory Hotels,A Victory Hotels International,
6,Economy Chains,A&O Hotel & Hostel,A & O Holding,
5,Midscale Chains,Abad Hotels & Resorts,ABAD Group,
4,Upper Midscale Chains,abba Hoteles,Abba Hoteles,
3,Upscale Chains,ABode,Andrew Brownsword Hotels,
3,Upscale Chains,Abode Apartment Hotels,Iconic Hotels Pty Ltd,
3,Upscale Chains,AC Hotels by Marriott,Marriott International,
2,Upper Upscale Chains,Ace Hotel Group,Ace Hotel Group,
5,Midscale Chains,ACHAT Hotels,ACHAT Hotels,
3,Upscale Chains,acora Hotel & Wohnen,NOVUM Hospitality,
1,Luxury Chains,Address Hotels & Resorts,Emaar Hospitality Group,
2,Upper Upscale Chains,Adina,Toga Far East Hotels,
3,Upscale Chains,Adiwana Hotels,Adiwana Hotels & Resorts,
1,Luxury Chains,Adrian Hoteles,Adrian Hoteles,
4,Upper Midscale Chains,Aerotel,Plaza Premium Group,
2,Upper Upscale Chains,Affinia,Denihan Hospitality Group,
6,Economy Chains,Affordable Suites of America,LG AS Franchisor,
4,Upper Midscale Chains,AHA Hotels,African Hotels & Adventures,
4,Upper Midscale Chains,Ahuja Residency,Ahuja Residences Pvt. Ltd.,
4,Upper Midscale Chains,Aiden by Best Western AF,Best Western Hotels & Resorts,
1,Luxury Chains,AKA,Korman Communities,
5,Midscale Chains,Hotel Akena,Akena Hotels,
4,Upper Midscale Chains,Al Diar,Al Diar Hotels,
6,Economy Chains,Alda Hotels,Alda Hotels,
1,Luxury Chains,Aldemar,Aldemar Resorts,
1,Luxury Chains,Alila Hotels & Resorts,Hyatt,
5,Midscale Chains,all seasonsHotels,Accor Hotels,
5,Midscale Chains,Allegro Resorts,Barcel¨® Hotel Group,
4,Upper Midscale Chains,Allsun Hotels,alltours Flugrelsen GmbH,
3,Upscale Chains,aloft Hotels,Marriott International,
3,Upscale Chains,Alp'Azur Hotels,Alp'Azur Hotels,
2,Upper Upscale Chains,Alpitour World Hotels & Resorts,Alpitour World Hotels & Resorts,
3,Upscale Chains,Alt Hotels,Germain Hotels,
1,Luxury Chains,Althoff Hotel Collection,Althoff Hotels,
3,Upscale Chains,Altis Hotels Group,Altis Hotel Group,
5,Midscale Chains,Alua Hotels & Resorts,AMResorts,
3,Upscale Chains,AMAKS Hotels & Resorts,AMAKS Hotels & Resorts,
1,Luxury Chains,Aman Resort Services Ltd,Aman Resort Services,
2,Upper Upscale Chains,Amarante Hotels & Resorts,MBI Group,
4,Upper Midscale Chains,Amari,Onyx Hospitality Group,
6,Economy Chains,Amaris Hotel,Santika Indonesia Hotels & Resorts,
3,Upscale Chains,Amathus Beach Hotel,Muskita Hotels,
5,Midscale Chains,Amber Hotel,Amber Hotels,
3,Upscale Chains,Amerian Hoteles,Amerian Hoteles,
6,Economy Chains,America's Best Inns,RLH Corporation,
6,Economy Chains,Americas Best Value Inn,RLH Corporation,
5,Midscale Chains,AmericInn,Wyndham Hotels & Resorts,
6,Economy Chains,AmeriVu I & S,Hospitality Lodging Systems,
3,Upscale Chains,Ameron Hotel Collection,Althoff Hotels,
2,Upper Upscale Chains,Amrath Hotels,Amrath Hotels,
1,Luxury Chains,Anantara,Minor International,
1,Luxury Chains,Andaz,Hyatt,
5,Midscale Chains,Anemon Hotels,Anemon Hotels,
2,Upper Upscale Chains,Angsana Hotels & Resorts,Banyan Tree Holdings Limited,
3,Upscale Chains,APA Hotel,APA Hotels & Resorts,
4,Upper Midscale Chains,Aparthotel Adagio,Accor Hotels,
5,Midscale Chains,Aparthotel Adagio Access,Accor Hotels,
2,Upper Upscale Chains,Apex Hotels,Apex Hotels Ltd,
4,Upper Midscale Chains,Apollo Hotels & Resorts,Leonardo Hotels 2,
5,Midscale Chains,Appart'City,Groupe Menguy Investissements,
2,Upper Upscale Chains,Apple Apartments,Apple Apartments Ltd,
4,Upper Midscale Chains,Aqua Hotels & Resorts,Aqua-Aston Hospitality,
3,Upscale Chains,Aranzazu Hoteles,Aranzazu Hoteles,
5,Midscale Chains,Arcadia Hotels AF,Arcadia Hotels AF,
5,Midscale Chains,Arco Hotels,Arco Hotels,
4,Upper Midscale Chains,Arcona Hotels,Arcona Hotels,
3,Upscale Chains,ARCOTEL Hotels,ARCOTEL Hotels,
3,Upscale Chains,Arise,Arise Hotels & Apartments,
5,Midscale Chains,Aristos Hotels,Aristos Hotels,
3,Upscale Chains,Arjaan Hotel Apts by Rotana,Rotana Hotels,
6,Economy Chains,Arkell's,Arkell's Brewery Ltd.,
1,Luxury Chains,Armani Hotels & Resorts,Emaar Hospitality Group,
3,Upscale Chains,Arora,Arora Hotels,
3,Upscale Chains,Art Series Hotels,Accor Hotels,
5,Midscale Chains,Arthotel ANA,Gorgeous Smiling Hotels GMBH,
3,Upscale Chains,art'otel,Radisson Hotel Group,
3,Upscale Chains,Aryaduta Hotels,Aryaduta Hotel Group,
4,Upper Midscale Chains,AS Hotels,AS Hotels,
3,Upscale Chains,Ascend Collection,"Choice Hotels International, Inc.",
2,Upper Upscale Chains,Ascott,The Ascott Group,
4,Upper Midscale Chains,Ashok,Ashok,
4,Upper Midscale Chains,Aston International,Archipelago International,
3,Upscale Chains,Aston Hotels,Aqua-Aston Hospitality,
3,Upscale Chains,Atlantic Hotels,Atlantic Hotels,
4,Upper Midscale Chains,Atour Hotels,Atour Hotel Mangement,
5,Midscale Chains,Atour Light Hotels,Atour Hotel Mangement,
3,Upscale Chains,Atour S Hotels,Atour Hotel Mangement,
4,Upper Midscale Chains,Atura,EVENT Hospitality,
4,Upper Midscale Chains,Austria Trend Hotels & Resorts,Austria Trend Hotels,
2,Upper Upscale Chains,Autograph Collection,Marriott International,
3,Upscale Chains,AVANI,Minor International,
4,Upper Midscale Chains,Avari Hotels,Avari Hotels International,
5,Midscale Chains,Avid Hotels,IHG Hotels & Resorts,
3,Upscale Chains,Axel Hotel,Axel Hotels,
4,Upper Midscale Chains,Ayre,Palladium Hotel Group,
4,Upper Midscale Chains,Ayres,Ayres Hotels,
3,Upscale Chains,Azalai Hotels,Azalai Hotels,
4,Upper Midscale Chains,AZIMUT,AZIMUT Hotels,
5,Midscale Chains,Azur Hotels & Resorts,Azur Hotels & Resorts,
6,Economy Chains,B&B Hotels,B&B Hotels,
1,Luxury Chains,Baglioni Hotels,Baglioni Hotels & Resorts,
6,Economy Chains,Balladins,So-Ho !,
1,Luxury Chains,Banyan Tree,Banyan Tree Holdings Limited,
3,Upscale Chains,B-Aparthotels,B-Aparthotels,
3,Upscale Chains,Barcelo Hotels,Barcel¨® Hotel Group,
5,Midscale Chains,Bastion Hotels,Bastion Hotels,
6,Economy Chains,Batemans,The Bateman's Mill Hotel,
6,Economy Chains,Bay Hotel,Specialist Leisure Group,
5,Midscale Chains,Baymont Inn & Suites,Wyndham Hotels & Resorts,
4,Upper Midscale Chains,Bayview Intl Hotels & Resorts,Bayview International Hotels & Resorts,
3,Upscale Chains,Be Live Hotel,Be Live Hotels,
6,Economy Chains,Beacon Hotels,Concept Hospitality,
3,Upscale Chains,Beautiful Bedrooms by Fuller¡¯s,Fuller Smith & Turner,
2,Upper Upscale Chains,Bella Vista Motel,Bella Vista Motel,
1,Luxury Chains,Belmond,Belmond,
4,Upper Midscale Chains,Berjaya Hotels & Resorts,Berjaya Corporation Berhad,
3,Upscale Chains,Berkshire Rooms Serviced Accommodations AF,Berkshire Rooms Serviced Apartments,
6,Economy Chains,Best Hotel,Best Hotel,
6,Economy Chains,Best Hotels,Best Hotels,
5,Midscale Chains,Best Western,Best Western Hotels & Resorts,
4,Upper Midscale Chains,Best Western Executive Residency,Best Western Hotels & Resorts,
4,Upper Midscale Chains,Best Western Plus,Best Western Hotels & Resorts,
3,Upscale Chains,Best Western Premier,Best Western Hotels & Resorts,
6,Economy Chains,Bestay Hotel Express,"Jin Jiang International (Holdings) Co., Ltd.",
4,Upper Midscale Chains,Beta Hotels,Danubius Hotels,
3,Upscale Chains,Bilderberg,Bilderberg Hotels,
3,Upscale Chains,Blossom House,Huazhu Hotels Group,
3,Upscale Chains,Blue Horizon Group,"Lanhai Hotel Management Co., Ltd.",
3,Upscale Chains,Blue Tree Hotels,Blue Tree Hotels & Resorts,
5,Midscale Chains,BlueBay Hotels & Resorts,Grupo BlueBay,
3,Upscale Chains,BlueSun Hotels & Resorts,BlueSun Hotels & Resorts,
4,Upper Midscale Chains,Boarders Inn & Suites,Cobblestone Hotels,
5,Midscale Chains,Bonsai Hotels,Bonsai Hotels,
3,Upscale Chains,Boudl Hotels & Resorts,Boudl Hotels & Resorts,
4,Upper Midscale Chains,Boulders Inn & Suites,Cobblestone Hotels,
3,Upscale Chains,Bourbon Hotels & Resorts,Bourbon Hotels & Resorts,
5,Midscale Chains,Boutique,Centro Hotels,
6,Economy Chains,Brains,S.A. Brain & Co Ltd,
6,Economy Chains,Brakspear,Brakspear,
3,Upscale Chains,Break Sokos Hotel,Sokos Hotels,
5,Midscale Chains,BreakFree Resort,Accor Hotels,
4,Upper Midscale Chains,Brend Hotel,Brend Hotels,
4,Upper Midscale Chains,Bridal Tea House,Bridal Tea House Hotels,
2,Upper Upscale Chains,Bridgestreet,BridgeStreet Global Hospitality,
2,Upper Upscale Chains,Bristol Hotels,Allia Hotels,
4,Upper Midscale Chains,Britannia Hotels,Britannia Hotels Ltd,
4,Upper Midscale Chains,BTG-Jianguo Hotels & Resorts,Beijing Tourism Group,
6,Economy Chains,Budget Host,Budget Host,
6,Economy Chains,Budget Suites of America,Budget Suites Of America,
6,Economy Chains,Budgetel,Hospitality Lodging Systems,
1,Luxury Chains,Bulgari Hotels,Marriott International,
3,Upscale Chains,BW Premier Collection,Best Western Hotels & Resorts,
4,Upper Midscale Chains,BW Signature Collection,Best Western Hotels & Resorts,
6,Economy Chains,CABINN,CABINN A/S,
3,Upscale Chains,Cambria Hotels,"Choice Hotels International, Inc.",
2,Upper Upscale Chains,Camino Real,Grupo Real Turismo 2,
5,Midscale Chains,Campanile Hotel,Groupe du Louvre,
3,Upscale Chains,Canad Inns,Canad Inns,
5,Midscale Chains,Canadas Best Value Inn,RLH Corporation,
4,Upper Midscale Chains,Canalta Hotels AFF,Canalta Hotels,
4,Upper Midscale Chains,Candeo Hotels,"Candeo Hospitality Management, Inc.",
5,Midscale Chains,Candlewood Suites,IHG Hotels & Resorts,
2,Upper Upscale Chains,Canopy by Hilton,Hilton Worldwide,
1,Luxury Chains,Capella,Capella Hotel Group,
6,Economy Chains,Capital O Hotel,Oyo Rooms,
3,Upscale Chains,Capri by Fraser,Frasers Hospitality,
4,Upper Midscale Chains,Carlton,Carlton Hotels,
2,Upper Upscale Chains,Carlton Hotel Collection,Carlton Hotel Collection,
5,Midscale Chains,Carris Hoteles,Carris Hoteles,
4,Upper Midscale Chains,Casa Andina Premium,Casa Andina Hoteles,
5,Midscale Chains,Casa Andina Select,Casa Andina Hoteles,
6,Economy Chains,Casa Andina Standard,Casa Andina Hoteles,
5,Midscale Chains,Casual Hoteles,Casual Hoteles,
5,Midscale Chains,Catalonia,Catalonia Hotels & Resorts,
3,Upscale Chains,Centara Boutique Collection,Centara Hotels & Resorts,
2,Upper Upscale Chains,Centara Grand Hotels & Resorts,Centara Hotels & Resorts,
3,Upscale Chains,Centara Hotels & Resorts,Centara Hotels & Resorts,
7,Independents,Centara Hotels & Resorts,Centara Hotels & Resorts,
3,Upscale Chains,Centara Residences & Suites,Centara Hotels & Resorts,
3,Upscale Chains,CenterHotel,Center Hotels,
4,Upper Midscale Chains,Centerstone Hotels,Cobblestone Hotels,
5,Midscale Chains,Centra Hotels & Resorts,Centara Hotels & Resorts,
6,Economy Chains,Centro Hotels,Centro Hotels,
4,Upper Midscale Chains,Centro Hotels by Rotana,Rotana Hotels,
2,Upper Upscale Chains,Champneys,Champneys,
3,Upscale Chains,Chandris Hotels & Resorts,Chandris Hotels & Resorts,
6,Economy Chains,Charles Wells,Wells & Co.,
4,Upper Midscale Chains,Chase Suites,Hardage Hospitality,
1,Luxury Chains,Cheval Residence Group,Cheval Residences Group,
3,Upscale Chains,chic&basic,Chic & Basic,
4,Upper Midscale Chains,Chisun Grand,Solare Hotels & Resorts,
5,Midscale Chains,Chisun Hotel,Solare Hotels & Resorts,
5,Midscale Chains,Chisun Inn,Solare Hotels & Resorts,
2,Upper Upscale Chains,Cinnamon,John Keells Group,
3,Upscale Chains,Citadines,The Ascott Group,
5,Midscale Chains,CitiGo Hotels,Huazhu Hotels Group,
5,Midscale Chains,Citin Hotels,Compass Hospitality,
3,Upscale Chains,citizenM Hotels,citizenM Hotels,
5,Midscale Chains,Citrus Hotels,Compass Hospitality,
4,Upper Midscale Chains,Citrus Hotels & Resorts,Citrus Hotels & Resorts,
3,Upscale Chains,City Apartments,City Apartments Ltd,
6,Economy Chains,City Comfort Inn,City Comfort Inn Group,
5,Midscale Chains,City Express,Hoteles City Express,
6,Economy Chains,City Express Junior,Hoteles City Express,
4,Upper Midscale Chains,City Express Plus,Hoteles City Express,
5,Midscale Chains,City Express Suites,Hoteles City Express,
6,Economy Chains,City Inn,Shenzhen Oct International Hotel Management Co Ltd,
4,Upper Midscale Chains,City Lodge,City Lodge Hotels,
4,Upper Midscale Chains,CityLife Hotels,Dynasty Hotel Group,
3,Upscale Chains,Ciutat Hotels,Ciutat Hotels,
3,Upscale Chains,Clarendon,Clarendon Serviced Apartments,
4,Upper Midscale Chains,Clarion,"Choice Hotels International, Inc.",
3,Upscale Chains,Clarion Collection,"Choice Hotels International, Inc.",
4,Upper Midscale Chains,Clarks Inn,Clarks Inn Group of Hotels,
3,Upscale Chains,Clayton Hotels,Dalata Hotel Group PLC,
2,Upper Upscale Chains,Club Med,Club Med,
2,Upper Upscale Chains,Club Quarters,Club Quarters Hotels,
3,Upscale Chains,Coast Hotels Canada,APA Hotels & Resorts,
3,Upscale Chains,Coast Hotels USA,Coast Hotels,
4,Upper Midscale Chains,Cobblestone,Cobblestone Hotels,
6,Economy Chains,Collection O Hotel,Oyo Rooms,
4,Upper Midscale Chains,Comfort,"Choice Hotels International, Inc.",
4,Upper Midscale Chains,Comfort Inn,"Choice Hotels International, Inc.",
4,Upper Midscale Chains,Comfort Suites,"Choice Hotels International, Inc.",
1,Luxury Chains,COMO Hotels & Resorts,Como Hotels and Resorts,
2,Upper Upscale Chains,Comwell,Comwell AS,
1,Luxury Chains,Concorde Hotels,Groupe du Louvre,
1,Luxury Chains,Conrad,Hilton Worldwide,
1,Luxury Chains,Constance Hotels,Constance Hotels & Resorts,
3,Upscale Chains,Copthorne Hotels,Millennium & Copthorne Global,
4,Upper Midscale Chains,Coral Hotels & Resorts,Hospitality Management Holdings,
6,Economy Chains,Cordela Hotels,Omega Hotel Group,
1,Luxury Chains,Cordis Hotels & Resorts,Langham Hotels International,
2,Upper Upscale Chains,Corinthia,CHI Hotels & Resorts,
4,Upper Midscale Chains,Corp Hotels,Hospitality Management Holdings,
3,Upscale Chains,Corus Hotels,Malayan United Industries Berhad,
3,Upscale Chains,Cotels Serviced Apartments,Cotels Serviced Apartments,
4,Upper Midscale Chains,Country Comfort,Next Story Group,
4,Upper Midscale Chains,Country Garden Phoenix Hotel,Funyard Hotels and Resorts,
6,Economy Chains,Country Hearth Inn,RLH Corporation,
4,Upper Midscale Chains,Country Inn & Suites,Radisson Hotel Group,
3,Upscale Chains,Courtyard,Marriott International,
3,Upscale Chains,Courtyard Hotel,City Lodge Hotels,
4,Upper Midscale Chains,Cresta Hotels,Cresta Hotels,
1,Luxury Chains,Crown Hotel,Crown Hotels,
3,Upscale Chains,Crowne Plaza,IHG Hotels & Resorts,
4,Upper Midscale Chains,Crystal Hotels,Crystal Hotels Plc,
5,Midscale Chains,Crystal Inn,Crystal Inn,
4,Upper Midscale Chains,Crystal Orange Hotels,Huazhu Hotels Group,
2,Upper Upscale Chains,Curio Collection by Hilton,Hilton Worldwide,
5,Midscale Chains,Cygnett,Cygnett Hotels and Resorts,
5,Midscale Chains,Dafam Hotels,Dafam Hotels,
2,Upper Upscale Chains,Dai-ichi,Hankyu Hanshin Daiichi Hotel Group,
5,Midscale Chains,Daish's Holidays,Daish's Holidays,
4,Upper Midscale Chains,Daiwa Royal Hotels,Daiwa House Group,
4,Upper Midscale Chains,Daiwa Roynet Hotels,Daiwa House Group,
4,Upper Midscale Chains,Dakota Hotels,Dakota Hotels,
4,Upper Midscale Chains,Danubius,Danubius Hotels,
6,Economy Chains,Days Inn,Wyndham Hotels & Resorts,
5,Midscale Chains,Days Inn China,Wyndham Hotels & Resorts,
3,Upscale Chains,Dazzler Hotels,Wyndham Hotels & Resorts,
3,Upscale Chains,De Vere,Principal Hotel Company,
3,Upscale Chains,Decameron Hotels & Resorts,Decameron All-Inclusive Hotels & Resorts,
4,Upper Midscale Chains,Dedeman Hotels,Dedeman Hotels & Resorts,
5,Midscale Chains,Delfin Hotels,Delfin Hotels,
3,Upscale Chains,Delta Hotels,Marriott International,
2,Upper Upscale Chains,Derby Hotels Collection,Derby Hotels Collection,
1,Luxury Chains,Destination Hotels,Hyatt,
1,Luxury Chains,Diaoyutai,"Diaoyutai MGM Hospitality, Ltd.",
5,Midscale Chains,Discovery Park,Discovery Parks Group,
2,Upper Upscale Chains,Disney's Deluxe Resorts,Walt Disney World Resorts,
3,Upscale Chains,Disney's Moderate Resorts,Walt Disney World Resorts,
4,Upper Midscale Chains,Disney's Value Resorts,Walt Disney World Resorts,
2,Upper Upscale Chains,Distinction Hotels,Distinction Hotels,
3,Upscale Chains,Divan,Divan,
2,Upper Upscale Chains,Divani Hotels,Divani Hotels,
2,Upper Upscale Chains,Dolce Hotels & Resorts,Wyndham Hotels & Resorts,
4,Upper Midscale Chains,Domina Hotel,Domina Hotel Group,
1,Luxury Chains,Dorchester Collection,Dorchester Collection,
3,Upscale Chains,Dorint Hotels & Resorts,Dorint Hotels & Resorts,
3,Upscale Chains,Dormero Hotel,Dormero Hotels AG,
4,Upper Midscale Chains,Dormy Inn,Kyoritsu Maintenance,
4,Upper Midscale Chains,Dorsett,Far East Consortium International Ltd,
3,Upscale Chains,DoubleTree by Hilton,Hilton Worldwide,
4,Upper Midscale Chains,DoubleTree Club,Hilton Worldwide,
6,Economy Chains,Downtowner Inns,"Hospitality International, Inc.",
1,Luxury Chains,Doyle Collection,Doyle Collection Management,
5,Midscale Chains,Dragonfly Hotels,Flying Trade Group PLC,
2,Upper Upscale Chains,Dream Hotels,Dream Hotel Group,
2,Upper Upscale Chains,Dreamhouse Serviced Apartment,Dreamhouse Apartments,
1,Luxury Chains,Dreams Resorts & Spas,AMResorts,
4,Upper Midscale Chains,Drury Inn & Suites,Drury Inns,
4,Upper Midscale Chains,Drury Plaza Hotel,Drury Inns,
1,Luxury Chains,Dusit Devarana,Dusit Thani Public Company Limited,
4,Upper Midscale Chains,Dusit Princess,Dusit Thani Public Company Limited,
2,Upper Upscale Chains,Dusit Thani Hotels & Resorts,Dusit Thani Public Company Limited,
3,Upscale Chains,dusitD2,Dusit Thani Public Company Limited,
4,Upper Midscale Chains,Eastin,Absolute Hotel Services Group,
5,Midscale Chains,Eastin Easy,Absolute Hotel Services Group,
6,Economy Chains,easyHotel,easyHotel,
3,Upscale Chains,Eaton,Langham Hotels International,
6,Economy Chains,Econo Lodge,"Choice Hotels International, Inc.",
1,Luxury Chains,Edition,Marriott International,
5,Midscale Chains,ehotel,"Colours International Co., LTD",
5,Midscale Chains,Mouradi Hotel,El Mouradi Hotels,
6,Economy Chains,Elan Hotel,Huazhu Hotels Group,
4,Upper Midscale Chains,Elba Hotels,Hoteles Elba,
2,Upper Upscale Chains,Electra Palace Hotel,Electra Palace Hotel,
1,Luxury Chains,Elegant Hotels Group,Marriott International,
3,Upscale Chains,element,Marriott International,
3,Upscale Chains,Elite Hotels,Elite Hotels of Sweden,
2,Upper Upscale Chains,Embassy Suites by Hilton,Hilton Worldwide,
3,Upscale Chains,Esplendor Hotels,Wyndham Hotels & Resorts,
3,Upscale Chains,Hoteles Estelar,Hoteles Estelar,
3,Upscale Chains,EuroAgentur Hotel,EuroAgentur Hotel,
5,Midscale Chains,Europa,Europa Group Hotels,
3,Upscale Chains,Eurostars Hotels,Eurostars Hotel Company,
5,Midscale Chains,Eurotel Hotels,Eurotel Hotels,
3,Upscale Chains,EVEN Hotels,IHG Hotels & Resorts,
3,Upscale Chains,Evenia Hotels,Evenia Hotels,
3,Upscale Chains,Evergrande Hotels & Resorts,Evergrande Hotels & Resorts,
6,Economy Chains,Evergreen,Evergreen,
3,Upscale Chains,Ewa Hotel Apartments,Hospitality Management Holdings,
3,Upscale Chains,Excel Hotel Tokyu,Tokyu Hotels,
5,Midscale Chains,Excemon,Luxemon Hotels & Resorts,
4,Upper Midscale Chains,Exe Hotels,Eurostars Hotel Company,
6,Economy Chains,Extended Stay America,Extended Stay America,
6,Economy Chains,Extended Suites,Grupo Estancias Extendidas,
6,Economy Chains,E-Z 8,"E-Z 8 Motels, Inc.",
6,Economy Chains,FabHotels,fabHotels,
5,Midscale Chains,FairBridge Inn,Fairbridge Hotels International,
4,Upper Midscale Chains,Fairfield Inn,Marriott International,
1,Luxury Chains,Fairmont,Accor Hotels,
6,Economy Chains,Favehotels,Archipelago International,
5,Midscale Chains,Fiesta Hotels,Palladium Hotel Group,
3,Upscale Chains,Fiesta Americana,Grupo Posadas,
5,Midscale Chains,Fiesta Inn,Grupo Posadas,
2,Upper Upscale Chains,Fireside Inn & Suites,Lafayette Hotels,
1,Luxury Chains,Firmdale Hotels,Firmdale Hotels PLC,
3,Upscale Chains,First Hotels,Host Drift AS,
4,Upper Midscale Chains,Fleming's Hotels & Restaurant,HMG Hotel Management & Services,
5,Midscale Chains,Fletcher Hotels,Fletcher Hotels,
5,Midscale Chains,FlexStay Inn,"MYSTAYS HOTEL MANAGEMENT Co., Ltd.",
5,Midscale Chains,Floral Hotels,LvYue Hotel Management,
4,Upper Midscale Chains,Floris,Floris Hotel Collection,
3,Upscale Chains,Flying Butler Apartments Limited,Flying Butler Apartments Ltd,
4,Upper Midscale Chains,Fortune Inn,ITC Hotels Ltd,
4,Upper Midscale Chains,Fortune Park,ITC Hotels Ltd,
3,Upscale Chains,Fortune Resorts,ITC Hotels Ltd,
3,Upscale Chains,Fortune Select,ITC Hotels Ltd,
4,Upper Midscale Chains,Fosshotel,Foss Hotel,
3,Upscale Chains,Four Points by Sheraton,Marriott International,
1,Luxury Chains,Four Seasons,Four Seasons Hotels & Resorts,
7,Independents,Four Seasons,Four Seasons Hotels & Resorts,
6,Economy Chains,Fragrance Hotels AF,Fragrance Hotels,
2,Upper Upscale Chains,Frasers Place,Frasers Hospitality,
2,Upper Upscale Chains,Fraser Residence,Frasers Hospitality,
2,Upper Upscale Chains,Fraser Suites,Frasers Hospitality,
2,Upper Upscale Chains,Fujiya Hotels,Fujiya Hotels,
1,Luxury Chains,Fullon Hotels,Fullon Hotels,
3,Upscale Chains,Furama Hotels,Furama Hotels,
4,Upper Midscale Chains,FX Hotels Group,FX Hotels Group,
5,Midscale Chains,Gamma by Fiesta Inn,Grupo Posadas,
2,Upper Upscale Chains,Garden Hotels,Garden Hotels,
4,Upper Midscale Chains,Garden Court,Tsogo Sun Hotels,
6,Economy Chains,Garden Inns,Garden Inns,
3,Upscale Chains,Garden Palace Hotel,Garden Palace Hotels,
5,Midscale Chains,Gateway Lifestyle,Gateway Lifestyle Operations Limited,
2,Upper Upscale Chains,Gaylord Entertainment,Marriott International,
5,Midscale Chains,Generator Hostel,Generator Hostels,
4,Upper Midscale Chains,GHOTEL hotel & living,GHOTEL Group,
6,Economy Chains,Ginger Hotels,The Indian Hotels Company Limited,
4,Upper Midscale Chains,GLo Best Western,Best Western Hotels & Resorts,
4,Upper Midscale Chains,Gloria Grand,Gloria Hotels & Resorts,
5,Midscale Chains,Gloria Plaza,Gloria Hotels & Resorts,
3,Upscale Chains,Gloria Resort,Gloria Hotels & Resorts,
3,Upscale Chains,Golden Eagle AF,Golden Eagle Hotels & Resorts,
4,Upper Midscale Chains,Golden Tulip,Groupe du Louvre,
6,Economy Chains,Goldmet Inn,"Jin Jiang International (Holdings) Co., Ltd.",
5,Midscale Chains,Good Inn Hotel,Good Inn Hotels,
4,Upper Midscale Chains,Good Morning Htls,Ligula Hospitality Group,
6,Economy Chains,Good Night Inns,Greene King Inns,
6,Economy Chains,Good Nite Inn,Good Nite Inn,
6,Economy Chains,Grace Inn,Shandong Inzone Grace Inn. Co.,
5,Midscale Chains,Grace Select,"Nantong Jinshi Shiyuan Hotel Co., Ltd.",
2,Upper Upscale Chains,Graduate Hotels,AJ Capital Partners,
1,Luxury Chains,Gran Melia,Meli¨¢ Hotels,
3,Upscale Chains,Grand America Hotels & Resort,"Grand America Hotels & Resorts, Inc.",
1,Luxury Chains,Grand Bahia Principe,Grupo Pinero,
1,Luxury Chains,Grand Hyatt,Hyatt,
3,Upscale Chains,Grand Mercure,Accor Hotels,
3,Upscale Chains,Grand Metropark,Grand Metropark,
1,Luxury Chains,Grand Palladium,Palladium Hotel Group,
2,Upper Upscale Chains,Grand Prince Hotel,Prince Hotels & Resorts,
2,Upper Upscale Chains,Grand Rezen Hotels,"Rezen Technologies (Shanghai) Co., Ltd.",
3,Upscale Chains,Grand Skylight Hotel,Grand Skylight Hotel Management,
3,Upscale Chains,Grand Skylight International,Grand Skylight Hotel Management,
3,Upscale Chains,Grand Soluxe Hotel,Soluxe International,
6,Economy Chains,Grand UK Holidays,The UK Holiday Group Limited,
4,Upper Midscale Chains,GrandStay Hotels,GrandSttay Hospitality LLC,
3,Upscale Chains,Grange Hotels,Grange Hotels Ltd,
2,Upper Upscale Chains,Granvia,Hotel Granvia,
6,Economy Chains,Great Western,Great Western,
3,Upscale Chains,Great Wolf Lodge,Great Wolf Resorts,
3,Upscale Chains,Grecotel SA,Grecotel Hotels & Resorts,
4,Upper Midscale Chains,Green Rich Hotels,Green Rich Hotels,
6,Economy Chains,Greene King Inn,Greene King Inns,
5,Midscale Chains,GreenTree Inns US,GreenTree Hospitality Group Ltd.,
6,Economy Chains,GreenTree Inns,GreenTree Hospitality Group Ltd.,
5,Midscale Chains,Greet,Accor Hotels,
3,Upscale Chains,Gresham Hotels,Gresham Hotel Co Ltd,
5,Midscale Chains,Grupotel,Grupotel Hotels & Resorts,
5,Midscale Chains,GuestHouse,RLH Corporation,
2,Upper Upscale Chains,Guoman,Guoman Hotels Ltd.,
6,Economy Chains,H Hotels,"Jiangsu Hanyue Hotel Management Co., Ltd.",
5,Midscale Chains,H+ Hotels,H-Hotels AG,
3,Upscale Chains,H10 Hotels,H10 Hotels,
4,Upper Midscale Chains,Hall & Woodhouse,Hall & Woodhouse Ltd,
3,Upscale Chains,Hampshire,Hampshire Hotel Management BV,
3,Upscale Chains,Hampshire Classic,Hampshire Hotel Management BV,
4,Upper Midscale Chains,Hampton by Hilton,Hilton Worldwide,
4,Upper Midscale Chains,Hampton Inn & Suites,Hilton Worldwide,
2,Upper Upscale Chains,Hand Picked,Hand Picked Hotels,
3,Upscale Chains,Hankyu Hotel,Hankyu Hanshin Hotels,
6,Economy Chains,Hanting,Huazhu Hotels Group,
6,Economy Chains,HanTing Premium,Huazhu Hotels Group,
1,Luxury Chains,Harbour Hotels & Spas,Nicholas James Group,
3,Upscale Chains,Harbour Plaza Hotels & Resorts,Harbour Plaza Hotels & Resorts,
2,Upper Upscale Chains,Hard Rock,Hard Rock Hotel,
5,Midscale Chains,Harper,Archipelago International,
4,Upper Midscale Chains,HARRIS Hotels,Tauzia Hotels,
5,Midscale Chains,Hawthorn Suites by Wyndham,Wyndham Hotels & Resorts,
4,Upper Midscale Chains,HCC Hotels,HCC Hotels,
3,Upscale Chains,Heartland Hotels,Scenic Hotel Group,
3,Upscale Chains,HELIOPARK,HelioPark Group,
3,Upscale Chains,Helnan Hotels,Helnan International Hotels,
4,Upper Midscale Chains,Heritage,Dynasty Hotel Group,
4,Upper Midscale Chains,Hesperia Hoteles,Hesperia World,
3,Upscale Chains,HF Holidays,HF Holidays LTD,
6,Economy Chains,Hi Inn,Huazhu Hotels Group,
2,Upper Upscale Chains,Hilton,Hilton Worldwide,
3,Upscale Chains,Hilton Garden Inn,Hilton Worldwide,
2,Upper Upscale Chains,Hilton Grand Vacations,Hilton Worldwide,
5,Midscale Chains,Hipotel Paris,Hipotel Paris,
1,Luxury Chains,Hipotels,Hipotels Hotels & Resorts,
6,Economy Chains,HNA Business Hotel,HNA Hospitality Group,
6,Economy Chains,HNA Express Inn,HNA Hospitality Group,
5,Midscale Chains,HNA Grand Hotel,HNA Hospitality Group,
3,Upscale Chains,Holiday Club Resorts,Holiday Club Resorts Ltd,
4,Upper Midscale Chains,Holiday Inn,IHG Hotels & Resorts,
4,Upper Midscale Chains,Holiday Inn Express Hotel,IHG Hotels & Resorts,
7,Independents,Holiday Inn Express Hotel,IHG Hotels & Resorts,
6,Economy Chains,Holiday Star Hotel,Holiday Star Hotels,
6,Economy Chains,Home Inn,Home Inns Group,
4,Upper Midscale Chains,Home2 Suites by Hilton,Hilton Worldwide,
5,Midscale Chains,Hometel,Groupe du Louvre,
6,Economy Chains,HomeTowne Studios by Red Roof,Westmont Hospitality Group,
3,Upscale Chains,Homewood Suites by Hilton,Hilton Worldwide,
5,Midscale Chains,Hop Inn,"Erawan Hop Inn Co., Ltd",
1,Luxury Chains,Hospes Hotels,Hospes Hotels,
3,Upscale Chains,Hoteis Othon,Hoteis Othon,
5,Midscale Chains,Hotel 81,Hotel 81 Management,
5,Midscale Chains,Hotel Acta,Actahotels,
4,Upper Midscale Chains,Hotel Alpha-One,Hotel Alpha-One,
6,Economy Chains,Hotel Altica AF,The Altica Group,
4,Upper Midscale Chains,Hotel AMANO,Amano Group,
6,Economy Chains,Hotel AZ,Hotel AZ,
4,Upper Midscale Chains,Clarks Group Hotel,Clarks Group Hotels,
4,Upper Midscale Chains,Hotel Des Gouverneurs,Gouverneur Hotels,
2,Upper Upscale Chains,Diego De Almagro Hoteles,Diego de Almagro Hoteles,
2,Upper Upscale Chains,Hotel du Vin,Frasers Hospitality,
4,Upper Midscale Chains,Hotel Edda,Icelandair Hotels,
6,Economy Chains,Hotel F1,Accor Hotels,
4,Upper Midscale Chains,Hotel Gracery,Fujita Kanko Group,
3,Upscale Chains,Hotel Grand Central,Grand Hotels International,
4,Upper Midscale Chains,Hotel Grand Chancellor Hotels,Grand Hotels International,
3,Upscale Chains,Hotel Grand Continental,Grand Hotels International,
4,Upper Midscale Chains,Hotel Green Chain SENDAI,Hotel Green Chain SENDAI,
5,Midscale Chains,Hotel Gromada,Gromada,
3,Upscale Chains,Hotel Guldsmeden,Guldsmeden Hotels,
4,Upper Midscale Chains,Ilunion Hotels,Ilunion Hotels,
2,Upper Upscale Chains,Hotel Indigo,IHG Hotels & Resorts,
4,Upper Midscale Chains,Hotel JAL City,"Okura Nikko Hotel Management Co.,Ltd",
3,Upscale Chains,Hotel Jen,Shangri-La Asia Limited,
3,Upscale Chains,Hotel Keihan,"Keihan Holdings Co., Ltd.",
6,Economy Chains,Hotel Livemax,"Live Max Co., Ltd.",
3,Upscale Chains,Hotel Metropolitan,East Japan Railway Company,
6,Economy Chains,Mister Bed Hotels,Hotel Mister Bed,
3,Upscale Chains,Hotel Monterey,Hotel Monterey,
4,Upper Midscale Chains,Hotel MyStays,"MYSTAYS HOTEL MANAGEMENT Co., Ltd.",
5,Midscale Chains,Neo Hotels,Archipelago International,
2,Upper Upscale Chains,Hotel Nikko,"Okura Nikko Hotel Management Co.,Ltd",
4,Upper Midscale Chains,Hotel Oceania,Oceania Hotels,
3,Upscale Chains,Hotel Pearl City,HMI Hotel Group,
5,Midscale Chains,Hotel RH,RH Hoteles,
3,Upscale Chains,Hotel RL,RLH Corporation,
4,Upper Midscale Chains,Hotel Royal Orchid,Royal Orchid Hotels,
5,Midscale Chains,Hotel Santika,Santika Indonesia Hotels & Resorts,
4,Upper Midscale Chains,Hotel Santika Premiere,Santika Indonesia Hotels & Resorts,
3,Upscale Chains,Hotel Servigroup,Hotel Servigroup,
6,Economy Chains,Hotel Stars,MBI Group,
4,Upper Midscale Chains,Hotel Trusty,Resort Trust,
4,Upper Midscale Chains,Hotel Villa Fontaine,Sumitomo Real Estate Villa Fontaine Ltd.,
4,Upper Midscale Chains,Hotel White Bear Family,White Bear Family Resort Co.,
5,Midscale Chains,Hotel Wing International,"Minacia Co., Ltd",
5,Midscale Chains,Hoteles H2,Hoteles H2,
4,Upper Midscale Chains,Hoteles MS,Hoteles MS,
6,Economy Chains,Hoteles Serena,Hoteles Serena,
3,Upscale Chains,House of Daniel Thwaites AF,Daniel Thwaites PLC,
3,Upscale Chains,House of Fisher Serviced Apartments,T A Fisher Group,
6,Economy Chains,Howard Johnson,Wyndham Hotels & Resorts,
4,Upper Midscale Chains,Howard Johnson China,Wyndham Hotels & Resorts,
2,Upper Upscale Chains,H-TOP Hotels,H-TOP Hotels & Resorts Group,
3,Upscale Chains,HUALUXE Hotels & Resorts,IHG Hotels & Resorts,
6,Economy Chains,hub by Premier Inn,Whitbread Group,
4,Upper Midscale Chains,Hunguest,Hunguest,
3,Upscale Chains,Hotel Husa,Husa Hotels Group,
2,Upper Upscale Chains,Hyatt,Hyatt,
2,Upper Upscale Chains,Hyatt Centric,Hyatt,
3,Upscale Chains,Hyatt House,Hyatt,
3,Upscale Chains,Hyatt Place,Hyatt,
7,Independents,Hyatt Place,Hyatt,
2,Upper Upscale Chains,Hyatt Regency,Hyatt,
7,Independents,Hyatt Regency,Hyatt,
1,Luxury Chains,Hyatt Zilara,Hyatt,
1,Luxury Chains,Hyatt Ziva,Hyatt,
1,Luxury Chains,Iberostar Grand Collection,Iberostar Group,
3,Upscale Chains,Iberostar Hotels & Resorts,Iberostar Group,
3,Upscale Chains,Iberotel Hotels,Tui Group,
5,Midscale Chains,ibis Hotel,Accor Hotels,
6,Economy Chains,ibis budget,Accor Hotels,
5,Midscale Chains,ibis Styles,Accor Hotels,
2,Upper Upscale Chains,IC Hotels,IC Hotels,
1,Luxury Chains,Icelandair Hotel,Icelandair Hotels,
5,Midscale Chains,Idea Hotels,Idea Hotels,
4,Upper Midscale Chains,IFA Hotels & Resorts,Lopesan Group,
3,Upscale Chains,IHCL SeleQtions,The Indian Hotels Company Limited,
1,Luxury Chains,Imperial,Imperial Group of Hotels,
3,Upscale Chains,Imperial Hotels Group,Imperial Hotels Group,
5,Midscale Chains,Imperial London Hotels,Imperial London Hotels Limited,
5,Midscale Chains,Ingenia Holidays,Ingenia Communities,
5,Midscale Chains,Inna Hotels & Resorts AF,Inna Hotels & Resorts,
5,Midscale Chains,Innkeeper's Lodge,Mitchells & Butlers plc,
4,Upper Midscale Chains,Inns North,Inns North,
3,Upscale Chains,Innside by Melia,Meli¨¢ Hotels,
5,Midscale Chains,InnSuites Hotels,InnSuites Hospitality,
3,Upscale Chains,InterCity Hotel Group,ICH Hotel Management,
4,Upper Midscale Chains,IntercityHotel,Deutsche Hospitality,
1,Luxury Chains,InterContinental,IHG Hotels & Resorts,
6,Economy Chains,InTown Suites,InTown Suites,
2,Upper Upscale Chains,Inwood Hotels AF,Inwood Hotels,
4,Upper Midscale Chains,Isle of Capri,Tropicana Entertainment,
1,Luxury Chains,Isrotel,Isrotel Ltd,
2,Upper Upscale Chains,ITC,ITC Hotels Ltd,
2,Upper Upscale Chains,JA,JA Resorts & Hotels,
6,Economy Chains,Jameson Inn,RLH Corporation,
1,Luxury Chains,Jaz,Jaz Hotel Group,
3,Upscale Chains,Jaz in the City,Deutsche Hospitality,
6,Economy Chains,Jennings,Marston's plc,
2,Upper Upscale Chains,Jetwing Hotels,Jetwing Hotels Ltd.,
5,Midscale Chains,JI Hotels,Huazhu Hotels Group,
6,Economy Chains,Jiayi Hotels,Shandong Inzone Grace Inn. Co.,
3,Upscale Chains,Jin Jiang Hotel,"Jin Jiang International (Holdings) Co., Ltd.",
6,Economy Chains,JinJiang Inns,"Jin Jiang International (Holdings) Co., Ltd.",
6,Economy Chains,JinJiang Inn Style AF,"Jin Jiang International (Holdings) Co., Ltd.",
4,Upper Midscale Chains,JinJiang Metropolo Hotels,"Jin Jiang International (Holdings) Co., Ltd.",
3,Upscale Chains,Jinling,Jinling Hotels & Resorts,
6,Economy Chains,Jin's Inn,Jinling Hotels & Resorts,
3,Upscale Chains,Jinshi International,"Nantong Jinshi Shiyuan Hotel Co., Ltd.",
2,Upper Upscale Chains,Joie De Vivre,Hyatt,
6,Economy Chains,Joy Inn,Shandong Inzone Grace Inn. Co.,
3,Upscale Chains,JOYA,Huazhu Hotels Group,
4,Upper Midscale Chains,JR East Hotel Mets,East Japan Railway Company,
5,Midscale Chains,JUFA Hotels,JUFA Holding GmbH,
1,Luxury Chains,Jumeirah,Jumeirah Group,
4,Upper Midscale Chains,Jurys Inns,Leonardo Hotels 2,
1,Luxury Chains,JW Marriott,Marriott International,
3,Upscale Chains,K+K Hotel,Event Hotelgruppe,
4,Upper Midscale Chains,Kagum Hotel,Kagum Hotels,
5,Midscale Chains,Keio Presso Inn,Keio Presso Inn,
1,Luxury Chains,Kempinski Hotels,Kempinski Hotels & Resorts,
2,Upper Upscale Chains,Kenzi Hotel,Kenzi Hotels Group,
6,Economy Chains,Key West Inn,Cobblestone Hotels,
5,Midscale Chains,Keys Hotels & Resorts,Lemon Tree Hotels Limited,
2,Upper Upscale Chains,Kimpton,IHG Hotels & Resorts,
5,Midscale Chains,Kingsgate Hotels,Millennium & Copthorne Global,
3,Upscale Chains,Kipriotis Hotels,Kipriotis Hotels,
6,Economy Chains,Knights Inn,RLH Corporation,
5,Midscale Chains,Kuretake Inn,"Kuretakeso Co, Ltd",
5,Midscale Chains,Kuretake Inn Premium,"Kuretakeso Co, Ltd",
5,Midscale Chains,Kyriad,Groupe du Louvre,
6,Economy Chains,Kyriad Direct,Groupe du Louvre,
4,Upper Midscale Chains,Kyriad Prestige,Groupe du Louvre,
4,Upper Midscale Chains,La Quinta Inns & Suites,Wyndham Hotels & Resorts,
4,Upper Midscale Chains,Lake District Hotels,Lake District Hotels Ltd,
5,Midscale Chains,Lakeview Distinctive Hotels,Lakeview Hotels & Resorts,
3,Upscale Chains,Landidyll Hotel,Landidyll Hotels & Restaurants,
1,Luxury Chains,Langham,Langham Hotels International,
3,Upscale Chains,Lapland Hotels,Lapland Hotels,
3,Upscale Chains,Larkspur Landing,Larkspur Landing,
4,Upper Midscale Chains,Lavande Hotel Group,"Jin Jiang International (Holdings) Co., Ltd.",
2,Upper Upscale Chains,Le Meridien,Marriott International,
4,Upper Midscale Chains,Leeden Hotel,Grand Hotel Management Group,
1,Luxury Chains,The Leela Palace & Resorts,The Leela Palace & Resorts,
2,Upper Upscale Chains,Legacy Hotels,The Legacy Group,
4,Upper Midscale Chains,Legacy Hotels  UK,Legacy Hotels & Resorts Ltd,
3,Upscale Chains,Legacy Vacation Club,"Legacy Vacation Club Services, LLC",
5,Midscale Chains,Leisure Inn,Prince Hotels & Resorts,
2,Upper Upscale Chains,Leisureplex Holiday Hotels,Alfa Leisureplex Group,
6,Economy Chains,Lemon Hotel,Lemon Hotels,
5,Midscale Chains,Lemon Tree Hotel,Lemon Tree Hotels Limited,
4,Upper Midscale Chains,Lemon Tree Premier,Lemon Tree Hotels Limited,
4,Upper Midscale Chains,Leonardo Boutique Hotel,Sunflower Management GmbH & Co. KG,
4,Upper Midscale Chains,Leonardo Hotels,Sunflower Management GmbH & Co. KG,
3,Upscale Chains,Leonardo Royal Hotel,Sunflower Management GmbH & Co. KG,
4,Upper Midscale Chains,Lexington,RLH Corporation,
3,Upscale Chains,LifeClass Hotels & Resorts,Istrabenz Turizem d.d.,
3,Upscale Chains,"Lindner Hotels, Inc",Dupe,
6,Economy Chains,Lite Hotel,Aqua-Aston Hospitality,
2,Upper Upscale Chains,Live Aqua,Grupo Posadas,
4,Upper Midscale Chains,Living Hotels,Derag Living Hotels,
6,Economy Chains,Lochs & Glens Holidays,Lochs & Glens Holidays,
2,Upper Upscale Chains,Locke by SACO,Edyn Group,
1,Luxury Chains,Loews,Loews Corporation,
3,Upscale Chains,Loisir Hotel,Solare Hotels & Resorts,
5,Midscale Chains,Lords Inn Hotels & Developers Ltd.,Lords Inn Hotels & Developers Ltd.,
3,Upscale Chains,Lotte City Hotels,Lotte Hotels & Resorts,
1,Luxury Chains,Lotte Hotels & Resorts,Lotte Hotels & Resorts,
2,Upper Upscale Chains,Louis Hotels,Louis Group,
5,Midscale Chains,Loyalty Inn,Fairbridge Hotels International,
2,Upper Upscale Chains,Luca Hotels & Resorts,Riu Hotels & Resorts,
1,Luxury Chains,Lungarno Hotels,Lungarno Hotels,
1,Luxury Chains,LUX*,The Lux Collective Ltd.,
1,Luxury Chains,Luxury Bahia Principe,Grupo Pinero,
1,Luxury Chains,Luxury Collection,Marriott International,
3,Upscale Chains,Luxury Family Hotels,Luxury Family Hotels,
1,Luxury Chains,LXR Hotels & Resorts,Hilton Worldwide,
2,Upper Upscale Chains,Lyric Suites,Lyric Hospitality,
6,Economy Chains,M Star,Magnuson Companies LLC,
3,Upscale Chains,Macdonald Hotels,Macdonald Hotels & Resorts,
5,Midscale Chains,Maeva,Maeva,
2,Upper Upscale Chains,Magnolia Hotel,Stout Street Hospitality,
5,Midscale Chains,Magnolia Hotels,"Jin Jiang International (Holdings) Co., Ltd.",
6,Economy Chains,Magnotel,"Jin Jiang International (Holdings) Co., Ltd.",
5,Midscale Chains,Magnuson,Magnuson Companies LLC,
4,Upper Midscale Chains,Magnuson Grand,Magnuson Companies LLC,
5,Midscale Chains,MainStay Suites,"Choice Hotels International, Inc.",
3,Upscale Chains,Maistra,Maistra Hospitality Group,
3,Upscale Chains,Maldron Hotels,Dalata Hotel Group PLC,
2,Upper Upscale Chains,Malmaison,Frasers Hospitality,
4,Upper Midscale Chains,Mama Shelter,Accor Hotels,
3,Upscale Chains,Mamaison,Mamaison Hotels & Residences,
1,Luxury Chains,Mandarin Oriental Hotel Group,Mandarin Oriental Hotels,
5,Midscale Chains,Mango Hotels AF,Apodis Hotels & Resorts Ltd,
1,Luxury Chains,Mantis Collection,Accor Hotels,
3,Upscale Chains,Mantra,Accor Hotels,
4,Upper Midscale Chains,Manxin Hotels,Huazhu Hotels Group,
5,Midscale Chains,Mapple Hotels,Mapple Hotels & Resorts,
3,Upscale Chains,Marco Polo,Wharf Hotels Management,
2,Upper Upscale Chains,Margaritaville,Margaritaville Holdings LLC,
3,Upscale Chains,Maritim,Maritim Hotels,
2,Upper Upscale Chains,Marlin Apartments,Marlin Apartments Management,
2,Upper Upscale Chains,Marriott,Marriott International,
2,Upper Upscale Chains,Marriott Conference Center,Marriott International,
2,Upper Upscale Chains,Marriott Executive Apartments,Marriott International,
6,Economy Chains,Marston's Inns,Marston's plc,
2,Upper Upscale Chains,Marti,Marti Hotels & Marinas,
3,Upscale Chains,Martin's Hotels,Martin's Hotels,
6,Economy Chains,Master Hosts Inns,"Hospitality International, Inc.",
5,Midscale Chains,Mastiff Hotels,Citrus Hotels & Resorts,
4,Upper Midscale Chains,Max Hotels & Resorts,Max Hotels & Resorts,
4,Upper Midscale Chains,MaxOne Hotels,Milestone Pacific Hotel Group,
5,Midscale Chains,MAXX by Steigenberger,Deutsche Hospitality,
1,Luxury Chains,Mayfair Hotels & Resorts,Mayfair Hotels & Resorts,
6,Economy Chains,McDreams Hotels,McDreams Hotel GmbH,
1,Luxury Chains,ME,Meli¨¢ Hotels,
3,Upscale Chains,Median Hotels,MBI Group,
4,Upper Midscale Chains,Mehood Hotels,Mehood Hotels,
6,Economy Chains,MEININGER Hotels,Meininger Hotels,
3,Upscale Chains,Melia,Meli¨¢ Hotels,
2,Upper Upscale Chains,Melia Boutique,Meli¨¢ Hotels,
2,Upper Upscale Chains,Memories Resorts & Spas,Blue Diamond Resorts,
4,Upper Midscale Chains,Mercure Hotels,Accor Hotels,
5,Midscale Chains,Merit Hotels,Amerian Hoteles,
2,Upper Upscale Chains,Meriton Suites,Meriton Suites,
2,Upper Upscale Chains,Meritus Hotels & Resorts,OUE Limited,
5,Midscale Chains,Merlin,The Merlin Phuket Hotels & Resorts,
4,Upper Midscale Chains,Metro Hotels,Metro Hotels Pty Ltd,
3,Upscale Chains,Metro Inns,Metro Inns Hotels,
4,Upper Midscale Chains,Metropark,Metropark,
2,Upper Upscale Chains,MGallery by Sofitel,Accor Hotels,
2,Upper Upscale Chains,MH Apartment,MH Apartments,
6,Economy Chains,Microtel Inn & Suites by Wyndham,Wyndham Hotels & Resorts,
2,Upper Upscale Chains,Millennium Hotels,Millennium & Copthorne Global,
6,Economy Chains,Milton Hotels,Milton Hotel & Residences,
6,Economy Chains,Mint Hotels,Xylem Integrated Solutions Private Limited,
2,Upper Upscale Chains,Mint House,Mint House,
1,Luxury Chains,Miraval,Hyatt,
2,Upper Upscale Chains,Mitsis,Mitsis Hotels,
3,Upscale Chains,Mitsui Garden Hotel,"Mitsui Fudosan Hotel Management Co., Ltd",
3,Upscale Chains,Miyako Hotels,Miyako Hotels,
4,Upper Midscale Chains,mk hotels,Lindner Group,
3,Upscale Chains,Movenpick,Accor Hotels,
3,Upscale Chains,Mogador Hotels & Resorts,Mogador Hotels & Resorts,
1,Luxury Chains,Mokara,Omni Hotels & Resorts,
1,Luxury Chains,Montage Hotels,Montage International,
1,Luxury Chains,The Montcalm Hotels,The Montcalm London,
4,Upper Midscale Chains,Monte Carlo Inns,Monte Carlo Inns,
6,Economy Chains,Motel 168,Home Inns Group,
6,Economy Chains,Motel 268,Home Inns Group,
6,Economy Chains,Motel 6,G6 Hospitality,
5,Midscale Chains,Motel One,Motel One Group,
4,Upper Midscale Chains,Motto by Hilton,Hilton Worldwide,
4,Upper Midscale Chains,MOXY,Marriott International,
3,Upscale Chains,MGM Muthu Hotels,MGM Muthu Hotels,
6,Economy Chains,My Home Hotel,My Home Hotel,
4,Upper Midscale Chains,My Place Hotels,My Place Hotels,
2,Upper Upscale Chains,Myhotel Hotels,My Hotels Group,
3,Upscale Chains,Mysk by Shaza,Shaza Hotels,
6,Economy Chains,NanYuan Inn,NanYuan Inns,
3,Upscale Chains,Zhejiang Narada,"Zhejiang Narada Hospitality Service Co., Ltd",
3,Upscale Chains,Zhejiang Narada Boutique Hotels AF,Zhejiang SSAW Hospitality Service Company,
6,Economy Chains,National 9,National 9 Inns,
3,Upscale Chains,Native,Native,
4,Upper Midscale Chains,nest HOTEL,"Nest Hotel Japan Corporation, Ltd.",
4,Upper Midscale Chains,nestor Hotel,GHOTEL Group,
3,Upscale Chains,Nesuto Hotels,Daiwa House Group,
6,Economy Chains,Nevsky Hotels,Nevsky Hotels Group,
3,Upscale Chains,New Century Grand Hotel,New Century Hotel Group,
4,Upper Midscale Chains,New Century Hotel,New Century Hotel Group,
4,Upper Midscale Chains,New Century Manju Hotels,New Century Hotel Group,
3,Upscale Chains,New Century Resort,New Century Hotel Group,
4,Upper Midscale Chains,New Hotel,New Hotel,
2,Upper Upscale Chains,New Otani Hotels,"New Otani Co., Ltd.",
2,Upper Upscale Chains,New World,Rosewood Hotel Group,
3,Upscale Chains,NH Hotels,Minor International,
2,Upper Upscale Chains,NH Collection,Minor International,
2,Upper Upscale Chains,NHOW,Minor International,
1,Luxury Chains,Niccolo,Wharf Hotels Management,
5,Midscale Chains,Nightcap Hotels AF,ALH Group,
4,Upper Midscale Chains,Nightcap Plus,ALH Group,
5,Midscale Chains,Nishitetsu Inn,"Nishi-Nippon Railroad Co., Ltd.",
5,Midscale Chains,Nite & Day Hotels,Milestone Pacific Hotel Group,
1,Luxury Chains,Nobu Hotels,Nobu Hotels,
3,Upscale Chains,Nova Hotels,Nova Hotels,
3,Upscale Chains,Novotel Hotels,Accor Hotels,
3,Upscale Chains,Novotel Suites,Accor Hotels,
5,Midscale Chains,Novum Hotels,Novum Management GmbH,
4,Upper Midscale Chains,Novum Select Hotels,Novum Management GmbH,
1,Luxury Chains,NOW Resorts & Spas,AMResorts,
5,Midscale Chains,NRMA Parks & Resorts AF,NRMA Parks & Resorts,
3,Upscale Chains,NYX Hotels,Sunflower Management GmbH & Co. KG,
3,Upscale Chains,Oaks Hotels & Resorts,Minor International,
2,Upper Upscale Chains,Oakwood Apartments,Oakwood Worldwide,
2,Upper Upscale Chains,Oakwood Premier,Oakwood Worldwide,
7,Independents,Oakwood Premier,Oakwood Worldwide,
3,Upscale Chains,Oakwood Residence,Oakwood Worldwide,
1,Luxury Chains,Oberoi Hotels,The Oberoi Group,
2,Upper Upscale Chains,O'Callaghan Hotels,O'Callaghan Collection,
4,Upper Midscale Chains,Hotel Occidental,Barcel¨® Hotel Group,
5,Midscale Chains,Oceania Hotel Escale,Oceania Hotels,
1,Luxury Chains,Oetker Collection,Oetker Hotel Collection,
4,Upper Midscale Chains,Oh!tels Hotels & Resorts,OH!TELS Hotels & Resorts,
4,Upper Midscale Chains,OHANA Hotels,Outrigger Hotels and Resorts,
2,Upper Upscale Chains,Okura Hotels,"Okura Nikko Hotel Management Co.,Ltd",
6,Economy Chains,Old English Inn,Greene King Inns,
3,Upscale Chains,Ole Hotels,Iberostar Group,
5,Midscale Chains,Omena Hotels,Omena Hotels,
2,Upper Upscale Chains,Omni,Omni Hotels & Resorts,
4,Upper Midscale Chains,On Vacation,On Vacation,
3,Upscale Chains,Ona Hotel,Ona Grup Vacations,
1,Luxury Chains,One & Only Resorts,Kerzner International Ltd,
6,Economy Chains,One Hoteles,Grupo Posadas,
5,Midscale Chains,Onomo Hotels,Onomo Hotels Group,
4,Upper Midscale Chains,Orange Hotel,Huazhu Hotels Group,
4,Upper Midscale Chains,OREA Hotel,Orea Hotels & Resorts,
3,Upscale Chains,Original Sokos Hotel,Sokos Hotels,
2,Upper Upscale Chains,Outrigger Resorts,Outrigger Hotels and Resorts,
3,Upscale Chains,Oxford Hotels & Inns,Oxford Hotels & Inns Management Ltd,
4,Upper Midscale Chains,Oxford Suites,Oxford Collection of Hotels,
6,Economy Chains,OYO Rooms,Oyo Rooms,
6,Economy Chains,OYO SilverKey Executive Stays,Oyo Rooms,
6,Economy Chains,OYO Townhouse,Oyo Rooms,
4,Upper Midscale Chains,OZO,Onyx Hospitality Group,
5,Midscale Chains,Palace Inn,Palace Inn Group,
1,Luxury Chains,Palace Resorts,Palace Resorts,
2,Upper Upscale Chains,Pan Pacific Hotel Group,Pan Pacific Hotels Group,
1,Luxury Chains,Paradisus Resorts,Meli¨¢ Hotels,
3,Upscale Chains,Paradores,Paradores,
3,Upscale Chains,Parc Hotels,Parc Hotels & Resorts,
1,Luxury Chains,Park Hyatt,Hyatt,
4,Upper Midscale Chains,Park Inn,Radisson Hotel Group,
3,Upscale Chains,Park Plaza,Radisson Hotel Group,
4,Upper Midscale Chains,Park Regis,Prince Hotels & Resorts,
5,Midscale Chains,Parkland Hotels & Resorts,Parkland Hotels & Resorts,
3,Upscale Chains,PARKROYAL,Pan Pacific Hotels Group,
6,Economy Chains,Passport Inns,"Hospitality International, Inc.",
6,Economy Chains,Pear Tree Inn,Drury Inns,
3,Upscale Chains,Pearl Continental Hotels,Hashoo Group,
4,Upper Midscale Chains,Penta,Rosewood Hotel Group,
2,Upper Upscale Chains,Peppers Hotels,Accor Hotels,
3,Upscale Chains,Pestana,Pestana Hotel Group,
3,Upscale Chains,Petit Palace Hotels,High Tech Hotels & Resorts SA,
5,Midscale Chains,Petul Apart Hotels,Petul Apart Hotels,
5,Midscale Chains,Piao Home Inn,Piao Home Inn,
4,Upper Midscale Chains,Playa Hoteles,Grupo Hoteles Playa S.A.,
3,Upscale Chains,Plaza Inn Hotels,Allia Hotels,
6,Economy Chains,Pod Inn,Pod Inns,
5,Midscale Chains,Point A Hotels,Queensway Group Ltd,
6,Economy Chains,POP! Hotel,Tauzia Hotels,
5,Midscale Chains,Prayag Hotels & Resorts,Prayag Hotels & Resorts Private Limited,
6,Economy Chains,Premier Inn,Whitbread Group,
5,Midscale Chains,Premier Inn ME&A,Whitbread Group,
3,Upscale Chains,PREMIER SUITES,Premier Apartments UK,
2,Upper Upscale Chains,PREMIER SUITES PLUS,Premier Apartments UK,
6,Economy Chains,Hotel Premiere Classe,Groupe du Louvre,
3,Upscale Chains,Prestige Hotel & Resort,Prestige Hotels & Resorts,
3,Upscale Chains,Pride Resorts,Pride Hotels & Resorts,
4,Upper Midscale Chains,Prima Hotels AF,Prima Hotels & Tourism Israel 1977 Ltd.,
3,Upscale Chains,Prince Hotels,Prince Hotels & Resorts,
4,Upper Midscale Chains,Princess,Princess,
5,Midscale Chains,prizeotel,Radisson Hotel Group,
4,Upper Midscale Chains,Prodomo,Prodomo Hotel,
3,Upscale Chains,Promenade Hoteis,Promenade Hoteis & Aparts,
4,Upper Midscale Chains,Protea Hotel,Marriott International,
2,Upper Upscale Chains,Pullman,Accor Hotels,
4,Upper Midscale Chains,Punthill,Veriu Hotels & Suites,
2,Upper Upscale Chains,QT Hotels & Resorts,EVENT Hospitality,
4,Upper Midscale Chains,Quality,"Choice Hotels International, Inc.",
5,Midscale Chains,Quality Inn,"Choice Hotels International, Inc.",
4,Upper Midscale Chains,Quality Hotel & Resort,"Choice Hotels International, Inc.",
6,Economy Chains,Quantum Hotel Group,Quantum Hotel Group,
1,Luxury Chains,Quay,Accor Hotels,
4,Upper Midscale Chains,Qubus Hotels,Qubus Hotels,
3,Upscale Chains,Quest Apartment Hotels,The Ascott Group,
6,Economy Chains,Quest Hotels,Archipelago International,
2,Upper Upscale Chains,Quinta Real,Grupo Real Turismo 2,
5,Midscale Chains,R&B Hotel,Washington Hotel Corporation,
5,Midscale Chains,RAC Parks & Resorts,Royal Automobile Club of WA,
3,Upscale Chains,Radisson,Radisson Hotel Group,
2,Upper Upscale Chains,Radisson Blu,Radisson Hotel Group,
2,Upper Upscale Chains,Radisson Collection,Radisson Hotel Group,
2,Upper Upscale Chains,Radisson RED,Radisson Hotel Group,
1,Luxury Chains,Raffles,Accor Hotels,
5,Midscale Chains,Ramada,Wyndham Hotels & Resorts,
4,Upper Midscale Chains,Ramada Plaza,Wyndham Hotels & Resorts,
2,Upper Upscale Chains,Rayhaan Hotels & Resorts,Rotana Hotels,
5,Midscale Chains,Real de Minas,Hotel Real de Minas,
4,Upper Midscale Chains,Real Inn,Grupo Real Turismo 2,
1,Luxury Chains,Red Carnation,Red Carnation Hotels,
6,Economy Chains,Red Carpet Inns,"Hospitality International, Inc.",
6,Economy Chains,Red Fox Hotels,Lemon Tree Hotels Limited,
4,Upper Midscale Chains,Red Lion Hotel,RLH Corporation,
5,Midscale Chains,Red Lion Inn & Suites,RLH Corporation,
6,Economy Chains,Red Planet Hotels,Red Planet Hotels,
6,Economy Chains,Red Roof Inn,Westmont Hospitality Group,
4,Upper Midscale Chains,Reflections Holiday Parks,Reflections Holiday Parks,
3,Upscale Chains,Regal Hotels International,Regal Hotels International,
2,Upper Upscale Chains,Regalia Hotel,Regalia Group,
1,Luxury Chains,Regent Hotels,IHG Hotels & Resorts,
5,Midscale Chains,Regenta,Royal Orchid Hotels,
4,Upper Midscale Chains,Reikartz Hotels & Resorts,Reikartz Hotels & Resorts,
6,Economy Chains,RelaxInnz,Dominion Hospitality,
4,Upper Midscale Chains,relexa Hotels,Relexa Hotels,
2,Upper Upscale Chains,Renaissance,Marriott International,
3,Upscale Chains,Rendezvous Hotels,Toga Far East Hotels,
3,Upscale Chains,Residence Inn,Marriott International,
5,Midscale Chains,Resol Hotel & Resort,Resol Hotel & Resort,
3,Upscale Chains,Resta,Resta Hotels & Resorts,
3,Upscale Chains,Revere Pub Company,Marston's plc,
3,Upscale Chains,Rezen Hotels,"Rezen Technologies (Shanghai) Co., Ltd.",
5,Midscale Chains,Rezen Dong Hotels,"Rezen Technologies (Shanghai) Co., Ltd.",
4,Upper Midscale Chains,Rezen Retreat,"Rezen Technologies (Shanghai) Co., Ltd.",
4,Upper Midscale Chains,Rezen Select Hotels,"Rezen Technologies (Shanghai) Co., Ltd.",
4,Upper Midscale Chains,Richmond Hotels,"RNT Hotels Co., Ltd",
3,Upscale Chains,Rimonim Hotels & Resorts,Rimonim Hotels & Resorts,
4,Upper Midscale Chains,Ringhotels,Ringhotels,
1,Luxury Chains,Ritz-Carlton,Marriott International,
3,Upscale Chains,RIU Hotel,Riu Hotels & Resorts,
2,Upper Upscale Chains,RIU Palace,Riu Hotels & Resorts,
3,Upscale Chains,RIU Plaza,Riu Hotels & Resorts,
2,Upper Upscale Chains,Rixos,Accor Hotels,
6,Economy Chains,Road Lodge,City Lodge Hotels,
6,Economy Chains,Robert Parker Collection,Robert Parker Collection,
3,Upscale Chains,Robinson Club GMBH,Tui Group,
6,Economy Chains,Robinsons Hotels & Resorts,Robinsons Land Corporation,
5,Midscale Chains,Roc Hotels,ROC Hotels,
3,Upscale Chains,Rochester Hotels,Rochester Hotels,
1,Luxury Chains,RockResorts,RockResorts,
2,Upper Upscale Chains,Roda Hotels & Resorts,Roda Hotels Management LLC,
4,Upper Midscale Chains,Rodd Hotels & Resorts,Rodd Hotels & Resorts,
5,Midscale Chains,Rode Inn Motels,Rode Inn Motels,
6,Economy Chains,Rodeway Inn,"Choice Hotels International, Inc.",
3,Upscale Chains,Room Mate Hotels,Room Mate Group,
4,Upper Midscale Chains,Roomzzz Aparthotel,The Parklane Group,
1,Luxury Chains,Rosewood,Rosewood Hotel Group,
2,Upper Upscale Chains,Rotana,Rotana Hotels,
4,Upper Midscale Chains,Route Inn,Route Inn,
4,Upper Midscale Chains,Rove Hotels,Emaar Hospitality Group,
2,Upper Upscale Chains,Royal Hideaway Luxury Hotels & Resorts,Barcel¨® Hotel Group,
4,Upper Midscale Chains,Royal Orchid Central,Royal Orchid Hotels,
3,Upscale Chains,Royal Orchid Resorts & Heritage Hotels,Royal Orchid Hotels,
5,Midscale Chains,Royal Orchid Suites,Royal Orchid Hotels,
2,Upper Upscale Chains,Royal Sonesta,Sonesta,
4,Upper Midscale Chains,Royal Tulip Hotels,Groupe du Louvre,
1,Luxury Chains,Royalton Luxury Resorts,Blue Diamond Resorts,
3,Upscale Chains,Ruby Hotels & Resorts,Ruby Hotels & Resorts GmbH,
3,Upscale Chains,Rydges Hotels & Resorts,EVENT Hospitality,
3,Upscale Chains,SACO The Service Apartment Company,Edyn Group,
5,Midscale Chains,Sahid Hotels & Resorts,Sahid Hotels & Resorts,
4,Upper Midscale Chains,SANA,SANA,
1,Luxury Chains,Sandals,Sandals Resorts International Limited,
5,Midscale Chains,Sandman,Northland Properties,
3,Upscale Chains,Sandman Signature,Northland Properties,
3,Upscale Chains,Sandton Hotels,International Hotel Management Group B.V.,
3,Upscale Chains,SarovaAFF,Sarova Hotels Ltd,
5,Midscale Chains,Sarovar Portico,Groupe du Louvre,
4,Upper Midscale Chains,Sarovar Premiere,Groupe du Louvre,
3,Upscale Chains,Sawridge Inns,Sawridge Inns & Conf Center,
3,Upscale Chains,Scandic Hotel,Scandic Hotels,
5,Midscale Chains,Scenic Hotel Group,Scenic Hotel Group,
4,Upper Midscale Chains,Scholars Hotels,Scholarly Hotel Investment Group,
6,Economy Chains,Scottish Inns,"Hospitality International, Inc.",
5,Midscale Chains,Sea Hotels,Sea Hotels,
4,Upper Midscale Chains,Seasons Apartment Hotel Grp,Seasons Apartment Hotel Group,
1,Luxury Chains,Secrets Resorts & Spas,AMResorts,
5,Midscale Chains,Sejours & Affaires,Sejours & Affaires,
6,Economy Chains,Select Inn,"Advantage Hotels, Inc",
5,Midscale Chains,Selina,Selina Limited,
2,Upper Upscale Chains,Senator Hotels & Resorts,Grupo Hoteles Playa S.A.,
2,Upper Upscale Chains,Serena Hotels,Serena Hotels,
3,Upscale Chains,Shama,Onyx Hospitality Group,
1,Luxury Chains,Shangri-La Hotel,Shangri-La Asia Limited,
1,Luxury Chains,Shaza Hotels,Shaza Hotels,
6,Economy Chains,Shepherd Neame,Shepherd Neame Ltd,
2,Upper Upscale Chains,Sheraton Hotel,Marriott International,
4,Upper Midscale Chains,Shilo Inn,Shilo Inns,
6,Economy Chains,Shindom Inn,Beijing Tourism Group,
4,Upper Midscale Chains,Shuguang International,Shuguang Hotel Group,
6,Economy Chains,Siegel Select,The Siegel Group,
6,Economy Chains,Siegel Suite,The Siegel Group,
5,Midscale Chains,Signature Inn,RLH Corporation,
5,Midscale Chains,Silka Hotels,Far East Consortium International Ltd,
4,Upper Midscale Chains,Silken Hoteles,Hoteles Silken,
2,Upper Upscale Chains,Silver Cloud,Silver Cloud Inns & Hotels,
1,Luxury Chains,Six Senses,IHG Hotels & Resorts,
1,Luxury Chains,Sixty Hotels,Sixty Hotels,
2,Upper Upscale Chains,SKYCITY Entertainment,SKYCITY Entertainment Group,
2,Upper Upscale Chains,SKYCITY Grand,SKYCITY Entertainment Group,
2,Upper Upscale Chains,Skyline Worldwide,Skyline Worldwide Accommodations Ltd,
5,Midscale Chains,Skytel,Grand Skylight Hotel Management,
5,Midscale Chains,Sleep Inn,"Choice Hotels International, Inc.",
5,Midscale Chains,Sleeperz Hotels,Sleeperz Hotels,
5,Midscale Chains,Smile Hotels,"Hospitality Operations Co., Ltd.",
1,Luxury Chains,Sofitel Luxury Hotels,Accor Hotels,
5,Midscale Chains,Soho Boutique Hotels,Soho Boutique Hotels,
5,Midscale Chains,Sol,Meli¨¢ Hotels,
4,Upper Midscale Chains,Sol Y Mar,Sol Y Mar,
3,Upscale Chains,Solo Sokos Hotel,Sokos Hotels,
3,Upscale Chains,Soluxe Hotel,Soluxe International,
4,Upper Midscale Chains,Somerset Hotels,The Ascott Group,
4,Upper Midscale Chains,Sonesta ES Suites,Sonesta,
3,Upscale Chains,Sonesta Hotel,Sonesta,
3,Upscale Chains,Sonesta Select,Sonesta,
5,Midscale Chains,Sonesta Simply Suites,Sonesta,
5,Midscale Chains,Sorat Hotels,SORAT Hotels,
5,Midscale Chains,Sorea Hotel,Sorea Hotel Chain,
5,Midscale Chains,Sotetsu Fresa Inn,"Sotetsu Hotel Management CO., LTD.",
3,Upscale Chains,Southern Sun - Sun Hotels,Tsogo Sun Hotels,
4,Upper Midscale Chains,Spar Hotel,Spar Hotel,
2,Upper Upscale Chains,Spires Serviced Apartments AF,Spires Serviced Apartments,
6,Economy Chains,SPOT ON OYO,Oyo Rooms,
3,Upscale Chains,SpringHill Suites,Marriott International,
6,Economy Chains,St Austell Brewery,St.Austell Brewery Company Ltd,
2,Upper Upscale Chains,St. Giles Hotels,St Giles Hotels LLC,
1,Luxury Chains,St Regis,Marriott International,
3,Upscale Chains,Stamford Hotels & Resorts,Stamford Land Corporation Ltd,
2,Upper Upscale Chains,Starhotels,Starhotels S.P.A.,
4,Upper Midscale Chains,Starlight,Starlight Suiten Hotel,
5,Midscale Chains,Starway,Huazhu Hotels Group,
6,Economy Chains,Stay Hotels,Inter Risco Private Equity 2,
5,Midscale Chains,stayAPT Suites,LG AS Franchisor,
3,Upscale Chains,Staybridge Suites,IHG Hotels & Resorts,
3,Upscale Chains,StayCity Serviced Apartment,StayCity,
5,Midscale Chains,StayEasy by Southern Sun,Tsogo Sun Hotels,
2,Upper Upscale Chains,Steigenberger Hotels,Deutsche Hospitality,
3,Upscale Chains,Stoney Creek,Stoney Creek Hospitality,
6,Economy Chains,Strathmore Hotels,Strathmore Hotels Ltd,
6,Economy Chains,Studio 6,G6 Hospitality,
6,Economy Chains,Suburban Extended Stay Hotels,"Choice Hotels International, Inc.",
3,Upscale Chains,Sudima Hotels,Sudima Hotels,
6,Economy Chains,Sun 1,Tsogo Sun Hotels,
3,Upscale Chains,Sun International,Sun International,
5,Midscale Chains,Sun Maris Hotels,Sun Maris Hotels,
6,Economy Chains,Sundowner,Next Story Group,
4,Upper Midscale Chains,Sunroute,"Sotetsu Hotel Management CO., LTD.",
2,Upper Upscale Chains,Sunscape Resorts & Spas,AMResorts,
3,Upscale Chains,Sunstar Hotel,Sunstar Hotels,
6,Economy Chains,Super 8,Wyndham Hotels & Resorts,
5,Midscale Chains,Super Hotel,SuperHotel,
6,Economy Chains,SureStay,Best Western Hotels & Resorts,
6,Economy Chains,SureStay Collection,Best Western Hotels & Resorts,
6,Economy Chains,SureStay Plus,Best Western Hotels & Resorts,
4,Upper Midscale Chains,Sweden Hotels,Fenix Hospitality Sweden AB,
5,Midscale Chains,Swiss Inn,Swiss Inn Hotels & Resorts,
4,Upper Midscale Chains,Swiss-Belhotel,Swiss-Belhotel International,
6,Economy Chains,Swiss-Belinn,Swiss-Belhotel International,
4,Upper Midscale Chains,Swiss-Garden,Swiss-Garden International,
2,Upper Upscale Chains,Swissotel,Accor Hotels,
1,Luxury Chains,Taj Group,The Indian Hotels Company Limited,
4,Upper Midscale Chains,Talbot Hotels,The Talbot Hotels,
4,Upper Midscale Chains,Tanoa Hotel Group,Reddy Group,
3,Upscale Chains,Tapestry Collection by Hilton,Hilton Worldwide,
2,Upper Upscale Chains,THB Hotels,THB Hotels,
4,Upper Midscale Chains,THE 1O1 Hotels & Resorts,Panorama Group,
4,Upper Midscale Chains,the b,the b hotels,
4,Upper Midscale Chains,The Chifley,Next Story Group,
4,Upper Midscale Chains,The Fern Hotels & Resorts,Concept Hospitality,
5,Midscale Chains,The Fern Residency,Concept Hospitality,
3,Upscale Chains,The Gateway,The Indian Hotels Company Limited,
2,Upper Upscale Chains,The Guild,The Guild,
2,Upper Upscale Chains,The Hoxton,Ennismore,
2,Upper Upscale Chains,The LaLit Group,The LaLiT,
2,Upper Upscale Chains,The Marmara,The Marmara Collection,
5,Midscale Chains,The Mosaic Collection,Onyx Hospitality Group,
3,Upscale Chains,the niu hotels,Novum Management GmbH,
3,Upscale Chains,The Park Hotels,Apeejay Surrendra Park Hotels Limited,
1,Luxury Chains,The Peninsula Hotel,The Peninsula Hotels,
1,Luxury Chains,The Postcard,The Postcard Hotels & Resorts,
3,Upscale Chains,The Pride Hotel,Pride Hotels & Resorts,
1,Luxury Chains,The Prince,Prince Hotels & Resorts,
4,Upper Midscale Chains,The Qube Hotels,Greenland International Hotels Group,
4,Upper Midscale Chains,The Red Collection,Westmont Hospitality Group,
2,Upper Upscale Chains,The Sebel,Accor Hotels,
3,Upscale Chains,The Three Corners,The Three Corners,
3,Upscale Chains,The Triton,The Triton Empire Hotel,
1,Luxury Chains,The Unbound Collection,Hyatt,
3,Upscale Chains,Thistle Hotels,Guoman Hotels Ltd.,
1,Luxury Chains,Thompson Hotel,Hyatt,
3,Upscale Chains,Thon Hotels,Olav Thon Group,
4,Upper Midscale Chains,Tierra Viva Hotels,Tierra Viva Hotels,
3,Upscale Chains,TIME Hotels LLC,TIME Hotels LLC,
2,Upper Upscale Chains,Time Hotels,Dream Hotel Group,
5,Midscale Chains,Timhotel Hotels,Timhotel SAS,
2,Upper Upscale Chains,Tivoli Hotels & Resorts,Minor International,
2,Upper Upscale Chains,Tokyu Hotel,Tokyu Hotels,
4,Upper Midscale Chains,Tokyu REI Hotels,Tokyu Hotels,
3,Upscale Chains,"Tokyu Stay Co., Ltd.","Tokyu Stay Co., Ltd.",
1,Luxury Chains,Tonino Lamborghini Hotels & Resorts,Tonino Lamborghini,
5,Midscale Chains,Town Lodge,City Lodge Hotels,
4,Upper Midscale Chains,TownePlace Suites,Marriott International,
6,Economy Chains,Toyoko Inn,"Toyoko Inn Co., Ltd.",
4,Upper Midscale Chains,Trademark Collection by Wyndham,Wyndham Hotels & Resorts,
3,Upscale Chains,Traders Hotel,Shangri-La Asia Limited,
3,Upscale Chains,Transamerica,Transamerica Hospitality Group,
3,Upscale Chains,Travel Inn Hotel,Travel Inn Hotels,
6,Economy Chains,Travelodge,Wyndham Hotels & Resorts,
5,Midscale Chains,"Travelodge, AUS",Toga Far East Hotels,
5,Midscale Chains,Travelodge Hotels Asia,Travelodge Hotels Asia,
6,Economy Chains,"Travelodge, UK",Travelodge UK,
6,Economy Chains,Treebo Hotels,Treebo Hotels,
5,Midscale Chains,Trend by Treebo,Treebo Hotels,
6,Economy Chains,Trip by Treebo,Treebo Hotels,
5,Midscale Chains,Tryst by Treebo,Treebo Hotels,
5,Midscale Chains,TRH Hoteles,TRH Hoteles,
5,Midscale Chains,TRIBE Hotels,Accor Hotels,
2,Upper Upscale Chains,Tribute Portfolio,Marriott International,
2,Upper Upscale Chains,Trident Hotel,The Oberoi Group,
5,Midscale Chains,Tru by Hilton,Hilton Worldwide,
1,Luxury Chains,Trump International,Trump Organization,
4,Upper Midscale Chains,Tryp by Wyndham,Wyndham Hotels & Resorts,
3,Upscale Chains,Tsokkos Hotel,Tsokkos Hotels,
2,Upper Upscale Chains,TUI BLUE Hotels,Tui Group,
1,Luxury Chains,TUI MAGIC LIFE Hotels,Tui Group,
2,Upper Upscale Chains,TUI SENSATORI HOTELS,Tui Group,
2,Upper Upscale Chains,TUI SUNEO HOTELS,Tui Group,
5,Midscale Chains,Tulip Inn Hotel,Groupe du Louvre,
6,Economy Chains,Tune Hotels,Tune Hotel,
5,Midscale Chains,Turim Hotel,Turim Hotels Group,
2,Upper Upscale Chains,U Hotels & Resorts,Absolute Hotel Services Group,
3,Upscale Chains,UNA Hotels & Resorts,Gruppo UNA SpA,
4,Upper Midscale Chains,UNAWAY Hotels,Gruppo UNA SpA,
4,Upper Midscale Chains,UNIZO,"Unizo Holdings Company, Limited",
2,Upper Upscale Chains,Unscripted,Dream Hotel Group,
5,Midscale Chains,Uptown Suites,InTown Suites,
4,Upper Midscale Chains,UrCove by Hyatt,Hyatt,
3,Upscale Chains,Vacation Condos by Outrigger,Outrigger Hotels and Resorts,
5,Midscale Chains,Vagabond Inn,Vagabond Inn Hotels,
1,Luxury Chains,Valencia Hotel Group,Valencia Hotel Group,
4,Upper Midscale Chains,Valentin Hotels,Valentin Hotel Group,
4,Upper Midscale Chains,Van der Valk Hotels,Van der Valk Hotels,
3,Upscale Chains,Vertice Hotele,Vertice Hoteles,
5,Midscale Chains,Via Inn,JR-West Hotels,
3,Upscale Chains,Vib,Best Western Hotels & Resorts,
4,Upper Midscale Chains,Vibe Hotels,Toga Far East Hotels,
1,Luxury Chains,Viceroy,Viceroy Hotel Group,
3,Upscale Chains,Victor's Residenz Hotel,Victor's Residenz-Hotel,
2,Upper Upscale Chains,Vida Hotels & Resorts,Emaar Hospitality Group,
5,Midscale Chains,Vienna Hotel,Vienna Hotels Group,
6,Economy Chains,Vienna 3Hao,Vienna Hotels Group,
3,Upscale Chains,Vienna House,Vienna International Hotels & Resorts,
5,Midscale Chains,Vienna House Easy,Vienna International Hotels & Resorts,
5,Midscale Chains,Vienna International,Vienna Hotels Group,
5,Midscale Chains,Vienna Zhihao,Vienna Hotels Group,
4,Upper Midscale Chains,View Hotels,Nippon Hotel Company Ltd,
4,Upper Midscale Chains,Vila Gale,Vila Gal¨¦,
4,Upper Midscale Chains,Village Hotel Club AF,Village Hotels & Leisure Ltd,
2,Upper Upscale Chains,VincciHoteles,Vincci Hoteles,
3,Upscale Chains,Vinpearl Discovery AF,Vinpearl Joint Stock Company,
2,Upper Upscale Chains,Vinpearl Hotel & Resort AF,Vinpearl Joint Stock Company,
5,Midscale Chains,VIP Hotels,VIP Hotels,
2,Upper Upscale Chains,Virgin Hotels,Virgin Group,
6,Economy Chains,VISIONAPARTMENTS,VISIONAPARTMENTS,
5,Midscale Chains,Vista,"Advantage Hotels, Inc",
3,Upscale Chains,Vista Hotels,Hotel Vista,
4,Upper Midscale Chains,VITS,VITS Hotels,
2,Upper Upscale Chains,Vivanta,The Indian Hotels Company Limited,
3,Upscale Chains,voco AF,IHG Hotels & Resorts,
3,Upscale Chains,Vondel Hotels,Arjen van den Hof,
1,Luxury Chains,W Hotel,Marriott International,
5,Midscale Chains,Wadworth,"Wadworth & Company, Ltd",
3,Upscale Chains,Waldorf Apartment Group,Daiwa House Group,
1,Luxury Chains,Waldorf Astoria,Hilton Worldwide,
3,Upscale Chains,Wanda JIN,Wanda Hotels & Resorts,
3,Upscale Chains,Wanda Realm,Wanda Hotels & Resorts,
1,Luxury Chains,Wanda Reign,Wanda Hotels & Resorts,
2,Upper Upscale Chains,Wanda Vista,Wanda Hotels & Resorts,
4,Upper Midscale Chains,Warner Leisure Hotels,Bourne Leisure Group,
2,Upper Upscale Chains,Warwick Hotels,Warwick Hotels and Resorts,
5,Midscale Chains,Washington Hotels,Fujita Kanko Group,
4,Upper Midscale Chains,Washington Hotel Plaza,Washington Hotel Corporation,
6,Economy Chains,Wei Bo Inns & Hotel,Weibo Inns & Hotels,
4,Upper Midscale Chains,Wei Select AF,Zhongwei Hotel Group,
4,Upper Midscale Chains,Welcome Hotels,Welcome Hotels,
3,Upscale Chains,WelcomHotel,ITC Hotels Ltd,
2,Upper Upscale Chains,West London Apartments,West London Apartments,
2,Upper Upscale Chains,Westin,Marriott International,
3,Upscale Chains,Westmark,Westmark Hotels & Inns,
6,Economy Chains,Wetherspoon,JD Wetherspoon PLC,
2,Upper Upscale Chains,Wilde Aparthotels by StayCity,StayCity,
5,Midscale Chains,Wingate by Wyndham,Wyndham Hotels & Resorts,
6,Economy Chains,WoodSpring Suites,"Choice Hotels International, Inc.",
3,Upscale Chains,Worldhotel,Worldhotels,
3,Upscale Chains,Wyndham Hotels,Wyndham Hotels & Resorts,
4,Upper Midscale Chains,Wyndham Garden Hotel,Wyndham Hotels & Resorts,
2,Upper Upscale Chains,Wyndham Grand Hotels,Wyndham Hotels & Resorts,
3,Upscale Chains,Wyndham Vacation Resort,"Wyndham Destinations, Inc",
6,Economy Chains,Y Hotels,"Jiangsu Hanyue Hotel Management Co., Ltd.",
1,Luxury Chains,Yadis Hotels,Yadis Hotels,
4,Upper Midscale Chains,Yiho Hotels,Xiamen C&D Tourism & Hotels,
3,Upscale Chains,Yotel,Yotel,
5,Midscale Chains,Yotel QQ,Home Inns Group,
5,Midscale Chains,YotelAir,Yotel,
3,Upscale Chains,Young's Hotels,"Young's & Co.'s Brewery, P.L.C.",
6,Economy Chains,Z Hotels,Z Hotels ZHH Ltd,
3,Upscale Chains,Zabeel House by Jumeirah AF,Jumeirah Group,
4,Upper Midscale Chains,Zenit Hoteles,Zenit Hoteles,
6,Economy Chains,Zest Hotels,Swiss-Belhotel International,
6,Economy Chains,Zhongan Inn,Zhong An Inn,
3,Upscale Chains,Zhongwei AF,Zhongwei Hotel Group,
6,Economy Chains,ZIP by Premier Inn,Whitbread Group,
6,Economy Chains,Zleep Hotels,Zleep Hotels,
1,Luxury Chains,Zoetry Wellness & Spa Resorts,AMResorts,
4,Upper Midscale Chains,Zone by The Park,Apeejay Surrendra Park Hotels Limited,
